[
    {
        "id": "e18e86d9.722308",
        "type": "tab",
        "label": "流程 1",
        "disabled": false,
        "info": ""
    },
    {
        "id": "a875c4b9.413938",
        "type": "inject",
        "z": "e18e86d9.722308",
        "name": "",
        "props": [
            {
                "p": "payload"
            },
            {
                "p": "topic",
                "vt": "str"
            }
        ],
        "repeat": "",
        "crontab": "",
        "once": false,
        "onceDelay": 0.1,
        "topic": "",
        "payload": "",
        "payloadType": "str",
        "x": 110,
        "y": 160,
        "wires": [
            [
                "19a8dc2e.44df64"
            ]
        ]
    },
    {
        "id": "c79b44f4.fac7a8",
        "type": "debug",
        "z": "e18e86d9.722308",
        "name": "",
        "active": true,
        "tosidebar": true,
        "console": false,
        "tostatus": false,
        "complete": "payload",
        "targetType": "msg",
        "statusVal": "",
        "statusType": "auto",
        "x": 830,
        "y": 100,
        "wires": []
    },
    {
        "id": "c89cdb4f.1c3ca8",
        "type": "function",
        "z": "e18e86d9.722308",
        "name": "转换为object",
        "func": "let play = JSON.parse(msg.payload);\nmsg.payload = play;\nreturn msg;",
        "outputs": 1,
        "noerr": 0,
        "initialize": "",
        "finalize": "",
        "libs": [],
        "x": 450,
        "y": 160,
        "wires": [
            [
                "5211d0c2.27d15"
            ]
        ]
    },
    {
        "id": "19a8dc2e.44df64",
        "type": "file in",
        "z": "e18e86d9.722308",
        "name": "读入json",
        "filename": "F:/Script/ProjectForCompany/210605_nodeRedProcess/source_agvsStatus/Infos.json",
        "format": "",
        "chunk": false,
        "sendError": false,
        "encoding": "none",
        "x": 280,
        "y": 160,
        "wires": [
            [
                "c89cdb4f.1c3ca8"
            ]
        ]
    },
    {
        "id": "5211d0c2.27d15",
        "type": "function",
        "z": "e18e86d9.722308",
        "name": "生成sql语句",
        "func": "let objAgv = msg.payload;\n\n// 先将A、B两区分割开\nlet statusA = objAgv.A;\nlet statusB = objAgv.B;\n\n// 先处理存在的小车\n// 处理A区存在的小车\nlet sqlOnlineA = \"\";\nfor(let i = 0; i < statusA.length; i++){\n    sqlOnlineA += `UPDATE nrt_agv_test SET nt_name=\"${statusA[i][0]}\", nt_speed=\"${statusA[i][1]}\", nt_degree=\"${statusA[i][2]}\",nt_status=\"${statusA[i][3]}\",nt_online=1 WHERE nt_short=\"A${i+1}\";`\n}\n// 处理B区存在的小车\nlet sqlOnlineB = \"\";\nfor(let i = 0; i < statusB.length; i++){\n    sqlOnlineB += `UPDATE nrt_agv_test SET nt_name=\"${statusA[i][0]}\", nt_speed=\"${statusA[i][1]}\", nt_degree=\"${statusA[i][2]}\",nt_status=\"${statusA[i][3]}\",nt_online=1 WHERE nt_short=\"B${i+1}\";`\n}\n// 处理A区缺失的小车\nfor(let i = statusA.length + 1; i < 6; i++){\n    sqlOnlineA += `UPDATE nrt_agv_test SET nt_online=0 WHERE nt_short=\"A${i}\";`\n}\n// 处理B区缺失的小车\nfor(let i = statusB.length + 1; i < 6; i++){\n    sqlOnlineB += `UPDATE nrt_agv_test SET nt_online=0 WHERE nt_short=\"B${i}\";`\n}\n\nmsg.payload = \"ok\";\nmsg.topic = sqlOnlineA + sqlOnlineB;\nreturn msg;",
        "outputs": 1,
        "noerr": 0,
        "initialize": "",
        "finalize": "",
        "libs": [],
        "x": 630,
        "y": 160,
        "wires": [
            [
                "64474b12.968714",
                "c79b44f4.fac7a8"
            ]
        ]
    },
    {
        "id": "64474b12.968714",
        "type": "mysql",
        "z": "e18e86d9.722308",
        "mydb": "f9f565a6.e7bf48",
        "name": "",
        "x": 800,
        "y": 240,
        "wires": [
            []
        ]
    },
    {
        "id": "97dcb345.8e5df",
        "type": "inject",
        "z": "e18e86d9.722308",
        "name": "",
        "props": [
            {
                "p": "payload"
            },
            {
                "p": "topic",
                "vt": "str"
            }
        ],
        "repeat": "1",
        "crontab": "",
        "once": false,
        "onceDelay": 0.1,
        "topic": "",
        "payload": "",
        "payloadType": "str",
        "x": 110,
        "y": 240,
        "wires": [
            []
        ]
    },
    {
        "id": "f9f565a6.e7bf48",
        "type": "MySQLdatabase",
        "name": "实验用",
        "host": "127.0.0.1",
        "port": "3306",
        "db": "node_red_test",
        "tz": "",
        "charset": "UTF8"
    }
]